<?xml version="1.0" encoding="UTF-8"?>
<project-private xmlns="http://www.netbeans.org/ns/project-private/1">
    <editor-bookmarks xmlns="http://www.netbeans.org/ns/editor-bookmarks/2" lastBookmarkId="0"/>
    <open-files xmlns="http://www.netbeans.org/ns/projectui-open-files/2">
        <group>
            <file>file:/home/carlos/NetBeansProjects/JavaSeEnero/Clase02/src/clase02/Empleado.java</file>
            <file>file:/home/carlos/NetBeansProjects/JavaSeEnero/Clase02/src/clase02/Cuenta.java</file>
            <file>file:/home/carlos/NetBeansProjects/JavaSeEnero/Clase02/src/clase02/Auto.java</file>
            <file>file:/home/carlos/NetBeansProjects/JavaSeEnero/Clase02/src/clase02/Clase02.java</file>
        </group>
    </open-files>
</project-private>
